{"cameraMode":{"drawMode":0,"name":"Shaded","section":"Shading Mode"},"sceneLighting":true,"audioPlay":false,"sceneViewState":{"showFog":true,"showMaterialUpdate":false,"showSkybox":true,"showFlares":true,"showImageEffects":true,"showParticleSystems":true},"in2DMode":false,"pivot":{"x":6.525198459625244,"y":6.7766242027282719,"z":1.6297954320907593},"rotation":{"x":-0.2354462444782257,"y":0.4141843616962433,"z":-0.11187143623828888,"w":-0.8721120953559876},"size":2.6223340034484865,"orthographic":false}